rowNumber,product_code,product_name,id
"2","'802017","LINOGRAPH TRIANGULAR SCALE","182"
"3","'89071151","KDP CRAFT PAPER BAG 9x8 SIZE","183"
"21","'195166109046","Nerf Alpha Strike Wolf LR 1 Toy Gun","117"
"22","'195166109145","Nerf Alpha Strike Fang QS-4 Toy Blaster","111"
"23","'195166110103","Hasbro NERF Alpha Strike Claw Dual QS-4 10X Elite","115"
"24","'195166155418","Hasbro NERF Elite 2.0 Tetrad QS-4 4X","118"
"25","'195166159553","Hasbro Grab & Go Connect 4 Marvel Avengers","97"
"27","'195166190884","Hasbro MONOPOLY Board Game (Multicolor)","94"
"29","'195166230993","HASBRO GRAB&GO CLUEDO 8+YEARS","96"
"30","'195166231020","HASBRO GRAB&GO CONNECT4 6+YEARS","98"
"32","'195166247908","Hasbro NERF Junior Wild Lionfury, Easy Play Foam Dart Blaster, 16 Elite Darts, Blaster Lion Toys","113"
"33","'195166265094","Hasbro NERF N Series Ward Blaster 2X","110"
"34","'195166290843","Hasbro NERF N Series Double Impact 12X","116"
"42","'629778182826","DOMS-CJ- LITTLE ARTIST KIT-110580","184"
"43","'629778544655","DOMS-CJ- DIY SPINNING TOPS R01-110430","185"
"47","'629778890592","DOMS-CJ- PAIR MASTER S08-210960","186"
"48","'629778950692","DOMS-CJ- SNAP MATCH GRANDE S09-210970","187"
"50","'630509886081","Hasbro Connect 4 Card Game","104"
"51","'630509944439","Hasbro NERF Elite 2.0 Commander RD-6 12X","114"
"52","'630509948079","Hasbro NERF Elite 2.0 Volt SD-1 6X","112"
"62","'759245823614","SKOODLE COLOR FUN","188"
"65","'778988268575","Funskool Spin Master Games Perplexus Beast","125"
"66","'778988568361","Funskool Spin Master Games Perplexus Rebel","124"
"83","'880025053249","DOMS-CJ- CLASSIC-4 GAME S11-110280","189"
"84","'880025215180","DOMS-CJ- EASEL BOARD ABHYASAM S13-110290","190"
"85","'880025325612","DOMS-CJ- MY FIRST 100 WORDS-210020","191"
"86","'880025376126","DOMS-CJ- SQUARED GAME S02-210240","192"
"87","'880025379363","DOMS-CJ- DIY DOLL HOUSE S15-270490","193"
"88","'880025417607","DOMS-CJ- MEMORY CHESS S14-110400","194"
"89","'880025873366","DOMS-CJ-CUBELLO","195"
"91","'880025982129","DOMS-CJ- MIND CRAFTERS ASG-110470","196"
"101","'880236428119","KDP SNOW SPRAY","204"
"102","'884851017505","PENTEL ENERGEL BL417 ROLLER PEN - BLACK","205"
"103","'884851017536","PENTEL ENERGEL BL417 ROLLER PEN - RED","206"
"104","'884851017567","PENTEL ENERGEL BL417 ROLLER PEN - BLUE","207"
"105","'884851017598","PENTEL ENERGEL BL417 ROLLER PEN - GREEN","208"
"106","'884851017710","PENTEL ENERGEL BL417 ROLLER PEN - VIOLET","209"
"107","'884851020833","PENTEL PERMANENT MARKER - BLACK","171"
"108","'884851020840","PENTEL PERMANENT MARKER - RED","172"
"109","'884851020857","PENTEL PERMANENT MARKER - BLUE","173"
"110","'884851020864","PENTEL PERMANENT MARKER - GREEN","174"
"111","'884851027344","PENTEL PERMANENT MARKER - COCO BROWN","175"
"112","'884851027351","PENTEL PERMANENT MARKER - RAW ORANGE","176"
"113","'884851027368","PENTEL PERMANENT MARKER - ULTRA YELLOW","177"
"114","'884851027375","PENTEL PERMANENT MARKER - OPERA PINK","178"
"115","'884851027382","PENTEL PERMANENT MARKER - COBALT VIOLET","179"
"116","'884851042811","PENETEL-PERM MARKER CD/DVD NF450-B RED","210"
"117","'884851042828","PENETEL-PERM MARKER CD/DVD NF450-C BLUE","211"
"118","'884851042835","PENETEL-PERM MARKER CD/DVD NF450-D GREEN","212"
"126","'890024628180","MOMS-DIARY SIZE - A6, NO-9000","213"
"128","'890024637180","MOMS-DIARY SIZE - A6, NO-50-188","214"
"131","'3154142791108","MAPED 15CM FLEXIBLE TWIST AND FLEX THE ORIGINAL","215"
"135","'3154148615101","MAPED 12 SHADES COLOR PEPS MY 1ST WAX JUMBO","180"
"137","'3700408453671","Sketch Pencil 4 Pics Set Crayons Graphite M035134","216"
"140","'4028245650794","Linolmesser Set Woodcut Knife Set 5 Set 65079","181"
"143","'4068077546100","UNIKPLAY COLORING WORLD MAP","217"
"144","'4549526600470","CASIO DJ-220D PLUS CALCULATOR","437"
"145","'4549526607219","CASIO FX-82MS SCINTIFIC CALCULATOR","438"
"146","'4549526608780","CASIO FX-991ES PLUS SCIENTIFIC CALCULATOR","439"
"147","'4549526613845","CASIO FX-991CW SCIENTIFIC CALCULATOR","440"
"150","'4902505482021","PILOT 1119 BP-1 RT - BLUE","441"
"151","'4902778089781","UNI POSCA PC-1MR PAINT MARKER - WHITE","442"
"152","'4902778089811","UNI POSCA PC-1MR PAINT MARKER GREEN","443"
"153","'4902778089910","UNI POSCA PC-1MR PAINT MARKER - GOLD","444"
"155","'4902778105245","UNI MECHANICAL PENCIL 0.7 SHALAKU - BLUE","219"
"156","'4902778105252","UNI MECHANICAL PENCIL 0.7 SHALAKU - RED","220"
"157","'4902778105269","UNI MECHANICAL PENCIL 0.7 SHALAKU - LIGHT GREEN","221"
"158","'4902778105276","UNI MECHANICAL PENCIL 0.7 SHALAKU - LIGHT BLUE","222"
"159","'4902778105283","UNI MECHANICAL PENCIL 0.7 SHALAKU - PINK","223"
"160","'4902778122433","UNI-BALL JETSTREAM SX 101 ROLLER BALL PEN - BLUE","453"
"161","'4902778202302","UNI POSCA PC-3M PAINT MARKER - NAVY BLUE","454"
"162","'4902778234594","U Pin -200 Asst Set of 12","455"
"163","'4902778234600","U Pin 200 Asst Set 6-600","456"
"164","'4902778246092","Ub Posca 8pcs-1200","457"
"165","'4902778246108","Ub Posca-16pcs-2400","458"
"166","'4902778915776","UNI POSCA PC-3M PAINT MARKER - BLACK","459"
"167","'4902778915783","UNI POSCA PC-3M PAINT MARKER - BLUE","460"
"168","'4902778915806","UNI POSCA PC-3M PAINT MARKER - GREEN","461"
"169","'4902778915813","UNI POSCA PC-3M PAINT MARKER - BROWN","462"
"170","'4902778915851","UNI POSCA PC-3M PAINT MARKER - ORANGE","463"
"171","'4902778915905","UNI POSCA PC-3M PAINT MARKER - GREY","464"
"172","'4902778915912","UNI POSCA PC-3M PAINT MARKER - WHITE","465"
"173","'4902778915936","UNI POSCA PC-3M PAINT MARKER - SILVER","466"
"174","'4971850090984","CASIO DJ-120D CALCULATOR","467"
"182","'5010993625833","Hasbro NERF Alpha Strike Stinger SD-1 8X","109"
"183","'5010993902743","Hasbro NERF Super Soaker Dinosquad Raptor Surge","106"
"184","'5010994106966","Hasbro NERF  Elite 2.0 ACE SD-1 2X","108"
"185","'5010996149541","Hasbro Mastermind","142"
"186","'5010996274298","Hasbro Marvel Hulk","101"
"187","'5010996274304","Hasbro Marvel Iron Man","99"
"188","'5010996274311","Hasbro Marvel Captain America","103"
"189","'5010996274328","Hasbro Marvel Spider Man","100"
"190","'5010996274335","Hasbro Marvel Black Panther","102"
"191","'5053307071155","TOPPS ANIMAX NARUTO @25","468"
"192","'5053307074958","TOPPS MATCH ATTAX SEASON 24/25 CARDS SINGLE PACK @25","469"
"193","'5605340312315","Sketch Pencil 4 Pics Set Lapis De Canvao S31917","470"
"201","'6542512553666","KDP CRAFT PUNCH ( ZH - 801 )","224"
"202","'6900009309125","HIMIC BUBU & FRIENDS WASHABLE WATER COLOUR PENS","445"
"203","'6921004460246","SHANLE 3D VEHICLE STICKERS","446"
"204","'6921004493763","SHANLE SPACE COLOR LUMINOUS STICKER","447"
"205","'6921004494999","KIRA KIRA NAIL ART SET SL-AQN","448"
"206","'6921734900234","DELI OFFICE PINS","449"
"207","'6921734900241","DELI COLOURFUL PAPER CLIPS 100PC 29MM","450"
"208","'6921734900258","DELI PAPER CLIPS 0025 29MM","451"
"210","'6921734908087","DELI VIVID TAPE DISPENSER 808","473"
"212","'6921734909084","DELI PEN HOLDER 908","225"
"213","'6921734909091","DELI PEN HOLDER 909","226"
"214","'6921734909886","DELI CLASIC CLIP DISPENSER 988 MAGNETIC TOP","474"
"215","'6921734920508","DELI COMIKO CUTTER 2050 9MM SIZESK5 STEEL BLADE","227"
"216","'6921734973016","DELI STICK UP LIQUID GLUE 7301A 35ML","228"
"217","'6921734976215","DELI BUSINESS CARD HOLDER 7621","475"
"218","'6921734976239","DELI BUSINESS CARD HOLDER 7623","476"
"219","'6921734978103","DELI WHITE BOARD ERASER","477"
"220","'6921734985927","DELI CLIP REFILS 8592 16MM 50PCS","478"
"221","'6921734990907","DELI MAGNIFIER 9090","479"
"222","'6921734990921","DELI CLASSIC MAGNIFIER 9092","229"
"224","'6925002108063","Brush Pigment Cup 806","230"
"225","'6926238301761","KAWAII-Q TWILIGHT 0.38MM 6INK CATRIDGES","480"
"227","'6930518933818","KDP FLEXIBLE RULER 30CM","481"
"228","'6933173732680","CARTOON PRINTED DIARY","482"
"230","'6935205303646","DELI INVISIBLE TAPE WITH DISPENSER A30011","231"
"231","'6935205385611","DELI BINDER CLIPS 38561 51MM - 1PC","483"
"232","'6935205385628","DELI BINDER CLIPS 38562 41MM - 1 PIECE","484"
"233","'6935205385635","DELI BINDER CLIPS 38563","485"
"234","'6935205385642","DELI BINDER CLIPS 38564 25MM - 1PC","486"
"235","'6935205385659","DELI BINDERCLIPS 38565 19MM - BOX","487"
"237","'6936380675153","LONG BLADE PENCIL SHARPNER 5892-A","488"
"239","'6945512676425","Craft Ice Cream Stick Small Nutural FS-WES","232"
"240","'6945512694146","Craft Ice Cream Stick Big Colour FS-CQB","233"
"241","'6945513642849","Craft Ice Cream Stick Small Colour FSCQC","234"
"242","'6948764206082","BIERSI THE LETTER POSTED","235"
"243","'6949060821535","HIMIC FOUNTAIN PEN SET HMC-0608-2LA","489"
"244","'6956288663151","Craft Stick Round Natural 15cm (90pcs) 3.0X15CM","236"
"245","'6965210060081","KDP YUMINGTAPE WASHABLE EASY TEAR STICKER YM-60085","237"
"246","'6968328468121","Mini Paper Cutter Car Remote 12Pcs Set CUTTER812","238"
"247","'6970873980478","Plastic Pen Stand Square DG-3008","239"
"248","'6970968860210","KDP 3D STICKERS POLICE/FIRE/AMBULANCE/SCHOOL BUS/ANIMAL/UNICORN","490"
"249","'6970968860715","CRYSTAL STICKER TRANSPARENT CARTOONS","491"
"250","'6970968861170","MY DIARY STICKER 3D","492"
"251","'6971010804237","BAMBOO ROPE SKIPPING KK-7423","493"
"252","'6971010806828","BRIGHT RAINBOW UNICORN FOUNTAIN PEN SET","494"
"253","'6971010806873","BRIGHT RAINBOW MERMAID FOUNTAIN PEN SET","495"
"254","'6971109030004","Craft Stick Round Natural 3.5inch 100pcs B35","240"
"255","'6971479813566","Graphite Pencils 12 pics Set Matel Tin Box TB-8008","496"
"258","'6972099830186","KDP DESIGN SCLAE 9921","241"
"259","'6973418240013","Pencil Grinder 240013","242"
"262","'6974651580058","KAWAII-Q BATTLE ROYAL FOUNTAIN PEN SET KQ-20059","497"
"263","'6974717360464","LOVELY CUTIES PEN SET KBX-5903A","498"
"264","'6974717360471","LOVELY CUTIES PEN SET KBX-5903B","499"
"265","'6974717360488","LOVELY CUTIES PEN SET KBX-5903C","500"
"266","'6974717360495","LOVELY CUTIES PEN SET KBX-5903D","501"
"267","'6974717363281","KA BA XIONG COFFEE 0.5MM 5PC PEN SET KBX-6041C","502"
"268","'6975254198589","Craft Ice Cream Stick Big Nutural FS-WEB","243"
"269","'6975275975916","Kids Painting Brush Set Of 4 Pics HB6191","244"
"270","'6976299440985","NATURAL SERIES TRANSPARENT STICKERS 6PCS SET ZRCS-8-01","503"
"271","'6976299440992","NATURAL SERIES TRANSPARENT STICKERS 6PCS SET ZRCS-8-02","504"
"272","'6976299441005","NATURAL SERIES TRANSPARENT STICKERS 6PCS SET ZRCS-8-03","505"
"273","'6976299441012","NATURAL SERIES TRANSPARENT STICKERS 6PCS SET ZRCS-8-04","506"
"274","'6976299441029","NATURAL SERIES TRANSPARENT STICKERS 6PCS SET ZRCS-8-05","507"
"275","'6976299441036","NATURAL SERIES TRANSPARENT STICKERS 6PCS SET ZRCS-8-06","508"
"276","'6976299441043","NATURAL SERIES TRANSPARENT STICKERS 6PCS SET ZRCS-8-07","509"
"277","'6976299441050","NATURAL SERIES TRANSPARENT STICKERS 6PCS SET ZRCS-8-08","510"
"278","'6976507035668","POPO PANDA CLICK FOUTAIN PEN KBX-6242C-PP","511"
"279","'6977591916673","Mini Paper Cutter 12Pcs Set CUTTER667","245"
"281","'8802946506149","FC HIGHLIGHTER GEL GREEN","512"
"282","'8802946506187","FC HIGHLIGHTER GEL PINK","513"
"283","'8802946506194","FC-HIGHLETTER GEL-ASTD.","514"
"284","'8802946506200","FC HIGHLIGHTER GEL ORANGE","515"
"297","'8901057004473","MUNIX TAPE DISPNSER DTD-120","516"
"298","'8901057004497","MUNIX TAPE DISPENSER DTD-210","517"
"299","'8901057200011","KANGARO PAPER PUNCH 1 HOLE","518"
"300","'8901057200080","KANGARO DP 900","519"
"301","'8901057200523","KANGARO PAPER PUNCH DP 52","520"
"302","'8901057201650","KANGARO PAPER PUNCH FP 20","521"
"303","'8901057202381","KANGARO DP-480 PUNCH","522"
"304","'8901057202411","KANGARO DP-600 PUNCH","523"
"305","'8901057202800","KANGARO DP-280 PAPER PUNCH","524"
"306","'8901057207003","KANGARO DP-700 PUNCH","525"
"307","'8901057300070","KANGARO HP-210","526"
"308","'8901057305099","KANGARO STAPLEAR DS-23S24FL","527"
"310","'8901057307055","KANGARO HD-23S13 STAPLERS","528"
"311","'8901057309028","KANGARO STAPLER HD 10D","529"
"313","'8901057310024","KANGARO STAPLER M 10","530"
"314","'8901057310048","KANGARO STAPLER MINI10","531"
"315","'8901057310062","KANGARO STAPLER NO 10","532"
"318","'8901057335522","KANGARO HP-45PS STAPLERS","533"
"319","'8901057335805","KANGARO STAPLER HD45","534"
"320","'8901057335904","KANGARO DS-45L STAPLERS","535"
"321","'8901057400015","KANGARO STAPLE REMOVERS SR-300","536"
"322","'8901057400022","KANGARO STAPLES REMOVERS SR-500","537"
"323","'8901057523066","KANGARO 23/6 PIN","538"
"324","'8901057523172","KANGARO 23/17-H PIN","539"
"325","'8901057523202","KANGARO 23/20-H PIN","540"
"326","'8901057524421","KANGARO 24/6 PIN","541"
"328","'8901180021774","FC-CS-SKETCH BOOK A3-140GS/30PG-302177","246"
"329","'8901180021798","FC-CS-SKETCH BOOK A3-140GS/60PG-302179","247"
"330","'8901180100011","FC-OLE PENCILS-1000-01BB","542"
"331","'8901180105016","FC-FABRIC COLOURS 6 COL-1410501","248"
"332","'8901180105061","FC-PEARL FABRIC COLOUR 6 COL-1410506","249"
"333","'8901180105078","FC-FABRIC COLOURS 12 COL-1410507","250"
"334","'8901180105122","FC-KIT ART CART NO.1410512","251"
"336","'8901180110331","FC-LUMINOS PENCILS -111033","543"
"338","'8901180118016","FC-COL.PENCIL 12C-118012","544"
"339","'8901180118023","FC-COL.PENCIL 24C-118024","545"
"344","'8901180155127","FC-WATER COL. PENCIL 12C-115512","546"
"346","'8901180163023","FC-G-BOX GR-8-163020","547"
"351","'8901180200155","FC-CRAYONS TJ-15-120015","252"
"352","'8901180201510","FC-GLUE STICK 15GM-221520","253"
"353","'8901180202005","FC-WHITE GLUE 200ML","254"
"354","'8901180227039","FC-3 BALL CRAYONS-122703","255"
"355","'8901180227107","FC-10 GRIP CRAYONS","256"
"356","'8901180227602","FC-6 GRASP CRAYONS","257"
"357","'8901180230152","FC-OIL PASTEL 15C-123015","258"
"358","'8901180230251","FC-OIL PASTEL 25S-123025","259"
"359","'8901180230503","FC-OIL PASTEL 50C-123050","260"
"360","'8901180240083","FC-6 JUMBO CREAMY CRAYONS-224008","261"
"361","'8901180240120","FC-CRAYONS J-12-120040","262"
"362","'8901180240250","FC-OIL PASTELS 25S PVC-124025","263"
"363","'8901180248126","FC-CRAYONS 12'C MINI-120048","264"
"364","'8901180410158","FC-POSTER COL. 15C.PVC","265"
"365","'8901180441060","FC-TEMPERA 6.COL-144106","266"
"366","'8901180441121","FC-TEMPRA 12.COL-144112","267"
"367","'8901180505069","FC-FABRIC MARKER 5-SHADE-250506","268"
"368","'8901180509517","FC-CD MARKER-BLUE-350951","548"
"369","'8901180509999","FC-CD MARKER-BLACK-350999","549"
"370","'8901180530078","FC-CONNECTOR PEN 20C-153007(TIN)","269"
"372","'8901180530153","FC-CONNECTOR BRUSH PEN 15C-153015","550"
"374","'8901180530252","FC-CONNECTOR PEN 25C-153025","551"
"375","'8901180530306","FC-CONNECTOR BRUSH PEN 30C -153030","552"
"377","'8901180535059","FC-HIGHLETTER PASTEL-ASTD.","553"
"378","'8901180548158","FC-HIGHLIGHTER-154815-ORANGE","554"
"379","'8901180548288","FC-HIGHLIGHTER-154828-PINK","555"
"380","'8901180548516","FC-HIGHLIGHTER-154851-BLUE","556"
"381","'8901180548639","FC-HIGHLIGHTER-154863-GREEN","557"
"382","'8901180553213","FC-FPM-RED-155321","558"
"383","'8901180553633","FC-FPM-GREEN-155363","559"
"384","'8901180553992","FC-FPM-BLACK-155399","560"
"385","'8901180554210","FC-FWBM-RED-155421","561"
"386","'8901180554517","FC-FWBM-BLUE-155451","562"
"387","'8901180554630","FC-FWBM-GREEN-155463","563"
"388","'8901180554999","FC-FWBM-BLACK-155499","564"
"389","'8901180673133","FC-G-BOX SPHERE","565"
"390","'8901180673140","FC-G-BOX STELLAR","566"
"391","'8901180695128","FC-WATER COLOUR TUBE 5ML 12S-169512","270"
"392","'8901180696125","FC-WATER COLOUR TUBE 9ML 12S-169612","271"
"393","'8901180696248","FC-WATER COLOUR TUBE 9ML 24S-169624","272"
"396","'8901180711477","FC-KIT@400 JUNGLE SAFARI NO.371147","273"
"397","'8901180711552","FC-KIT@300 PARTY TIME NO.371155","274"
"399","'8901180720301","FC-KIT ANIMAL FARM PAINTING-372030","275"
"400","'8901180741054","FABER CASTELL DOODLE AND DRAW KIT","567"
"401","'8901180741115","FC-CS-ACRYLIC PAINTING SET-574111","276"
"402","'8901180741122","FC-CS-WATER COLOUR PAINTING-574112","277"
"403","'8901180744062","FC-METALIC FABRIC COLOUR 6 COL-574406","278"
"406","'8901180790045","FC-ACRYLIC COLOUR TUBE MET-4COL.","279"
"407","'8901180790120","FC-ACRYLIC COLOUR TUBE 9ML.12S-379012","280"
"409","'8901180948217","FC-STAMP PAD SMALL-RED-194863","568"
"410","'8901180948385","FC-STAMP PAD SMALL-BLUE-194863","569"
"411","'8901180948996","FC-STAMP PAD SMALL-BLACK","570"
"412","'8901180949993","FC-STAMP PAD BIG-BLACK-194921","571"
"413","'8901180950388","FC-PAD INK 30ML-BLUE","572"
"414","'8901180950999","FC-PAD INK 30ML-BLACK","573"
"415","'8901198100652","LUXOR FINE WRITER 05 0.5MM - ASSORTED","574"
"416","'8901198123729","LUXOR DOODLES WAX CRAYONS JUMBO 12 SHADES","281"
"417","'8901198123859","LUXOR DOODLES PLASTIC CRAYONS TRIAGULAR GRIP 12 SHADES","282"
"418","'8901198125402","LUXOR LX MAX REFILLABLE LIQUID INK ROLLER PEN","575"
"419","'8901198125600","LUXOR PASTEL HIGHLIGHTERS 5 PACK","576"
"420","'8901198413462","PARKER BETA PREMIUM GOLD WITH COATED CLIP FOUNTAIN PEN A","577"
"421","'8901198413585","PARKER BETA PREMIUM SILVER WITH COATED CLIP ROLLER BALL PEN","578"
"422","'8901198413646","PARKER BETA PREMIUM SILVER WITH COATED CLIP BALL PEN","579"
"423","'8901198413707","PARKER BETA PREMIUM GOLD WITH COATED CLIP FOUNTAIN PEN B","580"
"424","'8901198414889","PARKER BETA NEO COATED CLIP BALL PEN","581"
"425","'8901198415237","PARKER BETA NEO COATED CLIP BALL PEN 23294","582"
"426","'8901198429777","PARKER VECTOR STANDARD CHROME TRIM FOUNTAIN PEN A","583"
"427","'8901198429807","PARKER VECTOR STANDARD BALL PEN","584"
"428","'8901198429814","PARKER VECTOR STANDARD CHROME TRIM FOUNTAIN PEN B","585"
"429","'8901198431084","PARKER VECTOR STD METALLIC GOLD TRIM RB PEN 23021","586"
"430","'8901198431183","LUXOR PARKER JOTTER STANDARD CHROME TRIM BALL PEN","587"
"431","'8901198431190","LUXOR PARKER JOTTER LONDON GOLD BALL PEN","588"
"432","'8901198461425","PARKER CLASSIC MATTE BLACK CHROME TRIM BALL PEN","589"
"433","'8901198461432","LUXOR CLASSIC GOLD BALL PEN","590"
"434","'8901198461449","PARKER CLASSIC SS GOLD TRIM BALL PEN 16112","591"
"435","'8901198480884","PARKER GALAXY GOLD TRIM RB PEN 392","592"
"436","'8901198520030","LUXOR PARKER SHINY CHROME BALL PEN GOLD","593"
"437","'8901198800187","LUXOR PARKER FOLIO STANDARD CHROME TRIM ROLLER BALL PEN","594"
"438","'8901198800217","PARKER FOLIO ANTIMICRIBIAL COPPER ION PLATED RB PEN 065","595"
"442","'8901324002034","APSARA COLOUR COPYING PENCILS FOR CLEAR MARKING","596"
"443","'8901324014624","APSARA ARTKIT","283"
"444","'8901324052404","APSARA 12 SHADES WASHABLE CRAYONS","284"
"445","'8901324052428","APSARA SOY FUN CRAYONS","285"
"447","'8901324054972","NATARAJ 621 BOLD HB WRITING PENCILS","597"
"449","'8901324056853","APSARA DRAWING PENCILS - HB","598"
"450","'8901324056877","APSARA DRAWING PENCILS - H","599"
"451","'8901324056884","APSARA DRAWING PENCILS - 2H","600"
"452","'8901324056891","APSARA DRAWING PENCILS - 3H","601"
"453","'8901324056907","APSARA DRAWING PENCILS - 4H","602"
"454","'8901324056914","APSARA DRAWING PENCILS - 5H","603"
"455","'8901324056921","APSARA DRAWING PENCILS - 6H","604"
"456","'8901324056938","APSARA DRAWING PENCILS - B","605"
"457","'8901324056945","APSARA DRAWING PENCILS - 2B","606"
"458","'8901324056969","APSARA DRAWING PENCILS - 4B","607"
"459","'8901324056976","APSARA DRAWING PENCILS - 5B","608"
"460","'8901324056983","APSARA DRAWING PENCILS - 6B","609"
"461","'8901324057119","APSARA GLASS MARKING PENCILS RED","610"
"462","'8901324057133","APSARA GLASS MARKING PENCIL FOR CLEAR MARKING","611"
"464","'8901324057447","APSARA 24WAX CRAYONS","286"
"465","'8901324057454","APSARA 16 WAX CRAYONS","287"
"466","'8901324057461","APSARA 14 WAX CRAYONS JUMBO","288"
"467","'8901324057621","APSARA DRAWING PENCILS - 8B","612"
"468","'8901324057638","APSARA DRAWING PENCILS - 9B","613"
"469","'8901324057683","APSARA MATT MAGIC EXTRA DARK PENCILS","614"
"470","'8901324058208","APSARA SCHOLAR'S KIT","615"
"471","'8901324061147","NATARAJ WILD-E'S ERASERS @20","289"
"472","'8901324064124","APSARA MECHANO ERASER","290"
"473","'8901324065404","APSARA MARVEL SPIDERMAN EXTRA DARK PENCILS","291"
"474","'8901324241051","APSARA 24 OIL PASTELS","616"
"475","'8901324400052","NATARAJ CHECKING PENCILS","617"
"476","'8901324580143","NATARAJ 621 TRANSPARENT 30CM SCALE","618"
"477","'8901361301534","3M SCOTCH MAGIC TAPE 810 SERIES","292"
"478","'8901361403108","3M SCOTCH MAGIC TAPE","293"
"479","'8901383007025","Funskool Giggles Clik Clak Duck","130"
"480","'8901383092014","Funskool Giggles Thing a Ding Dings","48"
"481","'8901383100610","Funskool Giggles Bear Melody Crib Mobile","43"
"482","'8901383107312","Funskool Giggles Link Stack N Nest Toy Set","64"
"483","'8901383107329","Funskool Giggles Stack A Boat","60"
"484","'8901383120731","Funskool Giggles Melody Fun Fair","65"
"485","'8901383130099","Funskool Handy Crafts My Kaleidoscope","83"
"486","'8901383140012","Funskool Giggles Star Links","67"
"487","'8901383140234","Funskool Giggles Bee Blossom Stacker","69"
"488","'8901383173133","Funskool Fundougs Mini Fun Pack","92"
"489","'8901383204318","Funskool Giggles Baby Action Ball","68"
"490","'8901383243850","Funskool Giggles Wiggler Duck","54"
"491","'8901383401410","Funskool Giggles Front & Back Memory","80"
"492","'8901383413024","Funskool 9 In Super Games","123"
"493","'8901383450012","Funskool Scotland Yard","120"
"494","'8901383493545","Funskool Goliath Sequence Classic","95"
"495","'8901383493910","Funskool Rummikub Classic","139"
"496","'8901383493934","Funskool Rummikub Joy","77"
"497","'8901383510563","Funskool Giggles Nico The Giraffe","53"
"498","'8901383510570","Funskool Giggles Musical Snail","62"
"499","'8901383510631","Funskool Giggles My Pet Billy","140"
"500","'8901383510655","Funskool Giggles Jumpin Melodies Keyboard","66"
"501","'8901383510686","Funskool Giggles Unicorn Xylophone","72"
"503","'8901383516879","Funskool Giggles Spotty - My Pet","57"
"504","'8901383629357","Funskool DC Quick Change Superman","135"
"505","'8901383629548","Funskool DC Flying Superman","134"
"506","'8901383901927","Funskool Handy Crafts Funimals 5 In 1 Activity Kit","169"
"507","'8901383901934","Funskool Handy Crafts Sun Catchers","88"
"509","'8901383941602","Funskool Games Chinese Checkers","121"
"510","'8901383941619","Funskool Games Ludo","145"
"514","'8901383942586","Funskool Play & Learn The Water Cycle Puzzle 104 Pcs","76"
"516","'8901383954756","Funskool Spinning Top","138"
"517","'8901383955586","Funskool Play & Learn Unicorn 4 In 1 Puzzle 120 Pcs","74"
"518","'8901383955593","Funskool Play & Learn Fairy 4 In 1 Puzzle 120 Pcs","75"
"520","'8901383957108","Funskool Game Of The States","137"
"521","'8901383958358","Funskool  Backlash","122"
"522","'8901383959539","Funskool Handy Crafts Diy Thread Bangles","84"
"523","'8901383959713","Funskool Handy Crafts Madhubani","89"
"524","'8901383960061","Funskool Space A Call From The Universe 1000 Pcs Puzzle","91"
"525","'8901383960085","Funskool Murder Mystery Party Jigsaw Puzzle Sherlock Homes And The Speckled Band","82"
"526","'8901383960092","Funskool Murder Mystery Party Jigsaw Puzzle Death On The Istanbul Express","81"
"527","'8901383960412","Funskool Play & Learn Aqarium Life Under The Water 300Pcs Puzzle","78"
"528","'8901383960443","Funskool Play & Learn Wild Life Lets Go Wild Together 300Pcs Puzzle","79"
"529","'8901383960986","Funskool Handy Crafts Popup Greeting Cards Making Kit","170"
"530","'8901383961105","Funskool Othello Classic","144"
"531","'8901383962720","Funskool Handy Crafts Nail Art Parlour Set","87"
"532","'8901383964458","Funskool Giggles Linking Turtle","61"
"533","'8901383964489","Funskool Giggles Push & Crawl Monkey","52"
"534","'8901383966063","Funskool Handy Crafts Quilling","90"
"535","'8901383969484","Funskool Giggles Babys Best Friends","47"
"536","'8901383977465","Funskool Strike 4","119"
"537","'8901383984623","Funskool DC Rocket Pack Batman","136"
"538","'8901383986719","Funskool DC Tri Wing Batman","133"
"539","'8901383987716","Funskool Giggles Giftset","126"
"540","'8901383988133","Funskool Giggles Butterfly Rattle","131"
"541","'8901383988249","Funskool Giggles Ice Cream Teether","141"
"542","'8901383990440","Funskool Giggles Animal Squeakers","71"
"543","'8901383991744","Funskool Giggles Learn & Write 2 In 1 Magnetic And Writing Board","49"
"545","'8901383993373","Funskool Giggles Mini Vehicles City Series Pack Of 6","55"
"546","'8901425000267","CAMEL CAMLIN COVER IT CORRECTION PEN","619"
"547","'8901425001813","CAMEL CAMLIN 12 SHADES COLOR PENCILS","620"
"548","'8901425006221","CAMEL CAMLIN 12 WATER COLOR TUBES","294"
"553","'8901425012277","CAMLIN DELUXE STAMP PAD LARGE BLACK","621"
"557","'8901425028698","CAMEL CAMLIN 10 SHADES COLOR PENCILS","622"
"558","'8901425029992","CAMEL OIL PASTELS 50 SHADES","295"
"559","'8901425031636","CAMEL CAMLIN 12 SHADES OIL PASTELS","296"
"561","'8901425036945","CAMEL OIL PASTELS 15 SHADES","623"
"562","'8901425036969","CAMEL CAMLIN 26 SHADES WAX CRAYONS EXTRA LONG","297"
"563","'8901425037164","CAMEL CAMLIN SCHOLAR","624"
"564","'8901425039663","CAMEL CAMLIN DELUXE STAMP PAD SMALL","625"
"566","'8901425048337","CAMEL CAMLIN SUPREME PENCILS","626"
"567","'8901425048405","CAMLIN CLIP BOARD","298"
"568","'8901425048634","CAMEL CAMLIN 13 SHADES WAX CRAYONS EXTRA LONG","299"
"569","'8901425048641","CAMEL WAX CRAYONS JUMBO 26 SHADES","300"
"570","'8901425049358","CAMEL CAMLIN 12 SHADES OIL PASTELS JUNIOR","627"
"571","'8901425052556","CAMEL CAMLIN 25 SHADES OIL PASTELS","301"
"573","'8901425060476","CAMEL BRUSH PENS 6 SHADES","628"
"574","'8901425062746","CAMEL ACRYLIC COLORS 15ML - WHITE 478","302"
"575","'8901425073452","CAMEL CAMLIN 24 SHADES WAX CRAYONS","303"
"576","'8901425074084","CAMLIN BOLD-E WHITEBOARD MARKER - BLACK","629"
"577","'8901425074107","CAMLIN BOLD-E WHITEBOARD MARKER - BLUE","630"
"578","'8901425074121","CAMLIN BOLD-E WHITEBOARD MARKER - RED","631"
"579","'8901425074145","CAMLIN BOLD-E WHITEBOARD MARKER - GREEN","632"
"580","'8901425074985","CAMEL BRUSH PENS 24 SHEDS","633"
"581","'8901425076798","CAMLIN WHITE GLUE 105GMS","304"
"582","'8901425076804","CAMEL CAMLIN WHITE GLUE STRONG BOND 45G","305"
"583","'8901425076811","CAMEL CAMLIN WHITE GLUE 22.5G","306"
"589","'8901425077924","CAMLIN FINGER CRAYONS","307"
"590","'8901425080962","CAMLIN CHILD GRIP CRAYONS 5 SHADES","308"
"591","'8901425087152","CAMEL CAMLIN SUPREME HD PENCILS","634"
"592","'8901425087305","CAMEL CANVAS BOARD (6*8)","309"
"593","'8901425093009","CAMLIN SCHOLAR + MATHEMATICAL DRAWING INSTRUMENT","635"
"594","'8901425095539","CAMEL CAMLIN DRAWING KIT","636"
"595","'8901425095805","CAMLIN SCHOLAR PRO MATHS DRAWING INSTRUMENT","637"
"596","'8901425101391","CAMEL ART STUDIO 80 COLOUR TREATS K 1124","310"
"597","'8901425107157","CAMEL ACRYLIC COLOURS 15MS 10 SHADES","311"
"598","'8901765009319","HAUSER FINE BRUSH PEN 10 SHADES","638"
"599","'8901765009388","HAUSER WOODZ SUPER DARK PREMIUM PENCIL","639"
"600","'8901765009807","HAUSER EXAM TECH WRITING PAD","312"
"601","'8901765035356","HAUSER HC 512G ELECTRONIC CALCULATOR","640"
"602","'8901765086242","HAUSER IVY KIT","641"
"604","'8901765090607","HAUSER JUMBO GEL","642"
"605","'8901765091673","HAUSER GLITTER PEN","643"
"606","'8901765092403","HAUSER CORRECTION PEN","644"
"609","'8901765094216","FLAIR WRITO METER SILK BALL PEN BLUE","645"
"610","'8901765094803","FLAIR WOODY CLICK BALL PEN - BLUE","646"
"611","'8901765094858","HAUSER 12 INK COLORS XO","313"
"612","'8901765095305","HAUSER HC XO 837 ELECTRONIC CALCULATOR","647"
"613","'8901765095336","HAUSER HC-991MS SCIENTIFIC CALCULATOR","648"
"614","'8901765095626","HAUSER XO RT BALL PEN - BLUE","649"
"615","'8901765095633","HAUSER XO RT BALL PEN - BLACK","650"
"616","'8901765095763","HAUSER MAPLE MECHANICAL PENCIL 0.7","651"
"617","'8901765096937","HAUSER YUNG ARTIST KIT","652"
"618","'8901765097057","HAUSER 12 WAX CRAYONS","314"
"619","'8901765097293","HAUSER XO MATE MATHEMATICAL DRAWING INSTRUMENT GEOMENTRY BOX","653"
"620","'8901765097361","HAUSER 24 OIL PASTELS","315"
"624","'8901765133939","FLAIR STUDENT KIT","654"
"629","'8901860015369","PIDILITE FEVICOL SHOEFIX 2G","316"
"630","'8901860033417","PIDILITE FEVICOL ALLFIX 20ML","317"
"631","'8901860510024","PIDILITE FEVICRYL ACRYLIC COLOUR BLACK-02 10ML","318"
"632","'8901860510031","PIDILITE FEVICRYL ACRYLIC COLOUR YELLOW 03 10ML","319"
"633","'8901860510048","PIDILITE FEVICRYL ACRYLIC COLOUR CRIMSON-04 10ML","320"
"634","'8901860510062","PIDILITE FEVICRYL ACRYLIC COLOUR GREEN-06 10ML","321"
"635","'8901860510109","PIDILITE FEVICRYL ACRYLIC COLOUR LEMON YELLOW-11 10ML","655"
"636","'8901860510116","PIDILITE FEVICRYL ACRYLIC COLOUR LIGHT GREEN-12 10ML","656"
"637","'8901860510161","PIDILITE FEVICRYL ACRYLIC COLOUR ORANGE-17 10ML","322"
"638","'8901860510178","PIDILITE FEVICRYL ACRYLIC COLOUR PINK-18 10ML","323"
"639","'8901860510239","PIDILITE FEVICRYL ACRYLIC COLOUR VIOLET-25 10ML","324"
"640","'8901860510253","PIDILITE FEVICRYL ACRYLIC COLOUR WHITE-27 10ML","325"
"641","'8901860512127","PIDILITE FEVICRYL ACRYLIC COLORS 6 SHADES","326"
"642","'8901860512134","PIDILITE FEVICRYL PEARL COLOURS 6 SHADES 60ML","327"
"643","'8901860512141","PIDILITE FEVICRYL PEARL METALLIC COLORS 4 SHADES","328"
"644","'8901860512202","PIDILITE FEVICRYL FABRIC COLOURS SOFT 6 SHADES","329"
"645","'8901860512264","PIDILITE FEVICRYL PASTEL ACRYLIC COLOURS 6 SHADES","330"
"646","'8901860512288","PIDILITE FEVICRYL ALL IN ONE CANVAS PAINTING KIT","657"
"647","'8901860512318","PIDILITE FEVICRYL PASTEL ACRYLIC COLOURS 10 SHADES","331"
"648","'8901860513421","PIDILITE FEVICRYL PEARL METALLIC SILVER 351 COLOUR 10ML","332"
"649","'8901860513445","PIDILITE FEVICRYL PEARL METALLIC COLOUR GOLD-352 10ML","333"
"650","'8901860519836","PIDILITE FEVICRYL NEON COLOURS 4 SHADES","334"
"651","'8901860520191","PIDILITE FEVICRYL FABRIC GLUE 30G","335"
"652","'8901860544968","PIDILITE FEVICRYL GLASS COLOURS 6 SHADES","336"
"656","'8901860630241","PIDILITE FEVICOL MR 20G","337"
"657","'8901860630432","PIDILITE FEVICOL - 42G CURVE SHAPE","338"
"658","'8901860633501","PIDILITE FEVI STICK 5G","339"
"659","'8901860633518","PIDILITE FEVI STICK 15G","340"
"660","'8901860633532","PIDILITE FEVI STICK 8G","341"
"661","'8901860634270","PIDILITE FEVICOL GLUE DROPS 11MM 24PCS","342"
"662","'8901860682509","PIDILITE FINE ART STRETCHED CANVAS 8X10 CANVAS BOARD WITH FRAME","343"
"663","'8901860682936","PIDILITE FINE ART STRETCHED CANVAS 5X7 CANVAS BOARD WITH FRAME","344"
"664","'8901860684077","CANVAS BOARD 10*12","345"
"665","'8901860684138","CANVAS BOARD 8*10","346"
"666","'8901860684152","PIDILITE FINEART CANVAS BOARD 9X12","347"
"667","'8901860684206","PIDILITE FINE ART 4X4 CANVAS BOARD","348"
"668","'8901860684220","PIDILITE FINE ART 5X7 CANVAS BOARD","349"
"669","'8901860684251","PIDILITE FEVICRYL 8X8 FINEART CANVAS BAORD","350"
"670","'8901860754169","PIDILITE FEVICREATE SHELL-TASTIC UNDERWATER WONDERS","351"
"671","'8901860754176","PIDILITE FEVICREATE PHOTO FRAME","352"
"672","'8901860754480","PIDILITE FEVICREATE TODDLERS CRAFT BOX","353"
"673","'8901860755548","PIDILITE FEVICREATE PAPER PRANKERS","354"
"674","'8901860755562","PIDILITE FEVICRYL ART OF INDIA LIPPAN ART","658"
"675","'8901860755586","PIDILITE FEVICRYL ART OF INDIA MANDALA ART","659"
"676","'8901860755838","PIDILITE FEVICREATE TWIRL & CURL UNICORN GREETING CARD","355"
"677","'8901860755845","PIDILITE FEVICREATE MIRROR MAGIC PRETTY PRINCESS","356"
"678","'8901860755869","PIDILITE FEVICREATE FOAM-TASTIC FLOWER & BOUQUET","357"
"679","'8901860756101","PIDILITE FEVICRYL YUDU BRUSH PENS 14 COLOURS WASHABLE","660"
"681","'8902191061612","OMEGA DUSTLESS CHALK 1813","358"
"682","'8902242716607","SUNDARAM CASE BOUND A/6 BOOK 192PGS 10.5*14.5CM (AW4)","661"
"683","'8902242716621","SUNDARAM CASE BOUND A/7 BOOK 192PGS 7.4*10.5CM (AW5)","662"
"685","'8902242719820","SUNDARAM A5 SKETCH EXERCISE BOOK 100PGS 14.8*21CM (D14)","359"
"686","'8902242719851","SUNDARAM A4 SKETCH EXERCISE BOOK 100PGS 21*29.5CM (D15)","360"
"687","'8902242719943","A4 SUNDARAM ARTIST DRAWING BOOK WITH BUTTER PAPER 140GSM 64PGS","361"
"688","'8902242719967","A3 SUNDARAM ARTIST DRAWING BOOK WITH BUTTER PAPER 140GSM 64PGS","362"
"690","'8902242720932","SUNDARAM POCKET NOTE BOOK 8.3CM*11.1CM 72PAGES","663"
"692","'8902242727504","SUNDARAM PERFECT BINDING BOOK A/6 122PGS 10.5*14.5CM (DY9)","664"
"693","'8902242727528","SUNDARAM WIRO NOTE BOOK A/6 120PGS 10.5*14.5CM (DY10)","665"
"696","'8902519001931","CLASSMATE DRAWING EXERCISE BOOK 36 PGS","363"
"697","'8902519001948","CLASSMATE UNRULED EXERCISE BOOK 36PGS","364"
"698","'8902519001955","DRAWING BOOK 36 PAGES","365"
"699","'8902519001993","CLASSMATE SINGLE LINE EXERCISE BOOK 140 PAGES 29.7/21","366"
"700","'8902519002006","CLASSMATE UNRULED EXERCISE BOOK 140 PAGES 29.7/21CM","367"
"701","'8902519002068","CLASSMATE UNRULED EXERCISE NOTEBOOK 19 X 15.5 172 PGS","368"
"702","'8902519002075","CLASSMATE SINGLE LINED EXERCISE NOTEBOOK 84 PGS","369"
"703","'8902519002082","CLASSMATE UNRULED EXERCISE NOTEBOOK 19X15.5CM 84PGS","370"
"704","'8902519002211","CLASSMATE SINGLE LINE EXECISE NOTEBOOK 24X18 172 PGS","371"
"705","'8902519002228","CLASSMATE UNRULED EXERCISE NOTEBOOK 172 PGS","372"
"706","'8902519002235","CLASSMATE DOUBLE LINED EXERCISE NOTEBOOK 172 PGS","373"
"707","'8902519002242","CLASSMATE SQUARE 0.5 EXERCISE NOTEBOOK 172 PGS","374"
"708","'8902519002266","CLASSMATE 4 LINES EXERCISE NOTEBOOK 172PGS","375"
"709","'8902519002464","CLASSMATE GRAPHBOOK","376"
"710","'8902519002983","CLASSMATE UNRULED EXERCISE BOOK 72 PGS","377"
"711","'8902519003294","CLASSMATE SINGLE LINE EXERCISE BOOK 384 PAGES 33/21CM","378"
"712","'8902519003300","CLASSMATE SINGLE LINE EXERCISE BOOK 172 PAGE 27.2/16.7CM","379"
"713","'8902519005977","CLASSMATE MATH RULE EXERCISE NOTEBOOK 172 PGS","380"
"714","'8902519009456","CLASSMATE SINGLE LINED - INTER LEAF EXERCISE NOTEBOOK 172 PGS","381"
"715","'8902519009494","EXERCISE BOOK 100 PAGES","382"
"716","'8902519009722","CLASSMATE 3 IN 1 SINGLE LINE EXERCISE NOTEBOOK 172 PAGES","383"
"717","'8902519009845","CLASSMATE SINGLE LINE EXECRISE BOOK 240 PAGES 29.7/21CM","384"
"718","'8902519010391","CLASSMATE BROAD RULE EXERCISE NOTEBOOK 172 PGS","385"
"719","'8902519010414","CLASSMATE EXERCISE BOOK MATHS UNRULED 172PG","386"
"720","'8902519010919","CLASSMATE UNRULED EXERCISE NOTEBOOK 384 PGS","387"
"721","'8902519010933","CLASSMATE PHYSICS PRACTICAL EXERCISE BOOK","388"
"722","'8902519010940","CLASSMATE CHEMISTRY PRACTICAL EXERCISE BOOK","389"
"723","'8902519010957","CLASSMATE COMPUTER PRACTICAL EXERCISE BOOK","390"
"724","'8902519010964","SINGLE LINE / BLANK EXERCISE BOOK 100 PAGES","391"
"725","'8902519011268","CLASSMATE SINGLE LINE EXERCISE NOTE BOOK 300PAGES","392"
"726","'8902519011282","CLASSMATE UNRULED 300 PAGES","393"
"727","'8902519011329","CLASSMATE EXERCISE BOOK 304 PAGES SINGLE LINE","394"
"728","'8902519011336","CLASSMATE UNRULED EXERCISE NOTEBOOK 304 PGS 29.7/21","395"
"729","'8902519012241","CLASSMATE PROJECT PAPER RULED","396"
"730","'8902519012296","CLASSMATE SCRAP BOOK","397"
"731","'8902519013309","CLASSMATE SINGLE LINE EXERCISE BOOK 196 PAGES","398"
"734","'8903183012391","CLASSMATE ECO-FRIENDLY ALL PURPOSE PAPER A4 75GSM 50 SHEETS","399"
"735","'8903183012407","CLASSMATE ECO-FRIENDLY ALL PURPOSE PAPER A4 75GSM 100 SHEETS","400"
"736","'8903183100081","CLASSMATE VICTOR MATHEMATICAL DRAWING INSTRUMENT","666"
"737","'8903183100302","CLASSMATE ASTEROID","667"
"738","'8903183100500","CLASSMATE ARCHIMEDES","668"
"739","'8903183302157","CLASSMATE OCTANE BALL PEN - BLUE","669"
"740","'8903183304175","CLASSMATE HOOK 0.7 BALL - BLUE","670"
"741","'8903183306667","CLASSMATE OCTANE GEL NEON BODY - BLUE","671"
"743","'8904106833789","LINC EXECUTIVE E2 GEL BLUE","672"
"744","'8904106834830","LINC GLYSER  CLASSIC  BLUE BALL","673"
"745","'8904106834847","LINC  GLYSER  CLASSIC BLACK  BALL","674"
"746","'8904106834854","LINC GLYSER CLASSIC  RED  BALL","675"
"747","'8904106834861","LINC GLYSER  CLASSIC GREEN  BALL","676"
"748","'8904106847496","LINC Signetta BALL PEN BLUE","677"
"749","'8904106849834","LINC GLYCER 10X - BLUE","678"
"750","'8904106850717","LINC Signetta Gold","679"
"751","'8904106855767","LINC EXECUTIVE SL500 GEL BLACK","680"
"752","'8904106855774","LINC EXECUTIVE SL500 GEL RED","681"
"753","'8904106857105","PENTONIC GLUE STICK 8G","401"
"754","'8904106857112","PENTONIC B-RT - BLUE","682"
"755","'8904106857587","PENTONIC BALL PEN BLUE 1","683"
"756","'8904106857730","LINC EXECUTIVE SL500 GEL GREEN","684"
"758","'8904106875369","LINC GEOMETRY BOX","685"
"759","'8904106876342","LINC BENDIT FLEX THE FLEXIBILITY 30CM 12INCHES","686"
"760","'8904106877516","PENTONIC BALL PEN BLACK","687"
"761","'8904106881292","LINC-BRUSH PEN 15N SET","688"
"770","'8904108214012","SOLO DESK ORGANIZER - DL102","402"
"771","'8904108214128","SOLO PEN STATION - DS201","403"
"795","'8904108233068","SOLO LENS & GLASS ICLENE CLEANING KIT (LAPTOP CLEANING KIT) - IC106","404"
"796","'8904108234089","SOLO LED MAGNIFIER","405"
"807","'8904114982820","RT-2 IN 1 LEARN TO COUNT SLATE 1403","406"
"821","'8904114986286","RT-ALPHABET JUMBO FLASH CARDS-7027","430"
"822","'8904114986736","RT-MAGIC BLOW PIPE-2995","407"
"825","'8904114988860","RT-WATER TANKER 77002","689"
"844","'8904114994731","RATNA'S MAGIC PUZZLE MATHS TOTAL 38","431"
"845","'8904114994762","RT-ACTIVE SKIPPING ROPE RT2326","408"
"855","'8904114998111","RATNA'S MAGIC PUZZLE MATHS TOTAL 26","432"
"856","'8904114998142","RT-MAGIC CAPSULE 1636","409"
"859","'8904114999422","RT-LITTLE SLATE CHANDRAYAAN RT1400","410"
"860","'8904133817011","CREATIONS DUSTLESS CHALK SET OF 144 PCS - WHITE","411"
"862","'8904136000021","ZEPHYR-LEARNING STEPS LIGHT SOUND UFO AEROPLANE","690"
"872","'8904228170731","CELLO BUTTERFLOW SIMPLY BALL BLUE","691"
"873","'8904275300006","REYNOLDS BRITE BALL POINT PEN","692"
"890","'8904283101985","Jags DIY Craft Paper Colour Qube 5x5 JDCP55","412"
"892","'8904283102609","Border Buddy Art Craft BBAC00","413"
"893","'8904283109912","A5 JAGS 4 IN NOTE BOOK 192PAGES","414"
"894","'8904283111137","Spray Bottle Plastic 4inch 50ML 3pcs Set GBP400","415"
"895","'8904283111144","Spray Bottle Plastic 4inch 100ML 3pcs Set GBP500","416"
"896","'8904283115470","JAGS GLASS MESSAGE BOTTLE 11*35 12PCS","417"
"897","'8904283115555","JAGS GLASS MESSAGE BOTTLE 22*60 8PCS","418"
"898","'8904283117283","Craft Clay Tool Set 6pcs Wooden JB-PWB016","419"
"899","'8904283123321","Plastic Pen Stand Apple JAGS9139","420"
"900","'8904283126322","Wooden Knife Carving Set Of 6Pcs KSJ-6","421"
"901","'8904283126636","Memo Pad Chocolate Sep MPC127","422"
"902","'8904283128128","Plan Sticky Notes Pad 4x5 PSNP00","693"
"906","'8904283136260","Sponge Brush Set 2pcs Round PWB-028","423"
"908","'8904283141387","Jags Transparent Sticky Note 50 Sheet 3X3 Orange JTSN3X3OE","424"
"909","'8904283145262","Honey Stick 8, 10,13 CM 3 Pcs Set HS3PCS","425"
"911","'8904283160531","Magnetic Compass 2in1 27S MC27S","426"
"912","'8904283162856","JAGS GLASS MESSAGE BOTTLE 20*40 10PCS","427"
"914","'8904283173494","Poam Poam Ball Pastel Colors 1CM 100Pics Approx PPB00","428"
"915","'8904283175115","Jags White Charcoal Pencils 3 Piece SBT-3B","697"
"916","'8904283175122","Jags White Charcoal Pencils 3 Piece SBT-3Y","698"
"1010","'8904411800537","DOMS-AMZ-PIGMENT MARKER SET OF 5-5101","699"
"1011","'8904411800544","DOMS-AMZ-PIGMENT MARKER SET OF 10-10102","700"
"1012","'8904411800568","DOMS-AMZ-DOU BRUSH PEN 14S-14002","701"
"1015","'8904411801237","DOMS-G-BOX - GEOFINE-80123","702"
"1016","'8904411801367","DOMS-F9 LINER 10 SHADE-80136 (80324)","703"
"1017","'8904411801374","DOMS-C3 PENCIL- HEXEL PVC BOX-80137","704"
"1018","'8904411801480","DOMS C3 JELINEO SUPER DARK 10HB GRAPHITE PENCILS","705"
"1021","'8904411801565","DOMS INXON BLUE BALL PEN","706"
"1022","'8904411801589","DOMS INXON BALL PEN RED","707"
"1023","'8904411801596","DOMS-SUPER WASHABLE PENS 10S-80159","708"
"1024","'8904411801657","DOMS-KIT@49-WONDER KIT-80165","709"
"1029","'8904411802357","DOMS-OIL PASTEL-25S-CB PACK-80235","710"
"1030","'8904411802364","DOMS-OIL PASTEL-50S-CB PACK-80236","711"
"1031","'8904411803200","DOMS-G-BOX - GEOTRON PLUS-80320(80348)","712"
"1037","'8904411804733","DOMS-KIT@150-SPEEDZ-80473","713"
"1040","'8904411806829","DOMS-KIT@100-ART ON WHEELS KIT-80682","714"
"1042","'8904411807116","DOMS INXTEN PERMANENT MARKER BLACK 80711","715"
"1043","'8904411807123","DOMS INXTEN PERMANENT MARKER BLUE 80712","716"
"1044","'8904411807130","DOMS INXTEN PERMANENT MARKER GREEN 80713","717"
"1045","'8904411807147","DOMS INXTEN PERMANENT MARKER RED 80714","718"
"1046","'8904411807253","DOMS-PEN INXIFY BP-PLUS-80754","719"
"1047","'8904411807284","DOMS INXO CLASSIC BALL PEN BLUE","720"
"1049","'8904411807581","DOMS HELLO 10 X-TRA SUPER DARK GRAPHITE PENCILS 80758","721"
"1050","'8904411807628","DOMS-KIT@20-ALL THE BEST-80762","722"
"1051","'8904411807758","DOMS-SKETCH MAX J-12S CB-80775 (80848)","723"
"1052","'8904411807932","DOMS-KIT@30-SPEED JR KIT-80793","724"
"1053","'8904411807949","DOMS-KIT@30-UNICORN JR KIT-80794","725"
"1054","'8904411807970","DOMS-INXTEN RWBM-BLACK-80797","726"
"1055","'8904411807987","DOMS-INXTEN RWBM-BLUE-80798","727"
"1056","'8904411808397","DOMS ZILLION X-TRA SUPER DARK GRAPHITE PENCILS 80839","728"
"1059","'8904411808809","DOMS-SKETCH MAX J-8S CB-80880 (80881)","729"
"1060","'8904411808861","DOMS PALLADIUM X-TRA SUPER DARK 10 GRAPHITE PENCILS 80886","730"
"1061","'8904411809080","DOMS-HIGHLIGHTER-80908 YELLOW","731"
"1062","'8904411809172","DOMS-HIGHLIGHTER-80917 ORANGE","732"
"1063","'8904411809196","DOMS-HIGHLIGHTER-80919 PINK","733"
"1064","'8904411809202","DOMS-HIGHLIGHTER-80920 BLUE","734"
"1065","'8904411811601","DOMS 5 HIGHLIGHTER SUPER NEON ASSORTED 81160","735"
"1070","'8904429712556","WEMBLEY NICKELODEON PAW PETROL MARSHALL 1EVA BAT + 1PU BALL","736"
"1075","'8906044244450","SAYA DESKTOP CALCULATOR SY-C101","737"
"1076","'8906044244467","SAYA CHECK AND CORRECT DESKTOP CALCULATOR SY C120","738"
"1077","'8906044244474","SAYA PREMIUM DESKTOP CALCULATOR SY C60","739"
"1078","'8906044245600","SAYA CHECK CORRECT CALCULATOR SY 512 T1","740"
"1079","'8906044245631","SAYA CHECK AND CORRECT DESKTOP CALCULATOR SY C837","741"
"1080","'8906054462349","ITOYS SPIDERMAN MY FIRST CRICKET SET AGE 3+YEARS","742"
"1081","'8906054462493","ITOYS SPIDERMAN BAT & BALL AGE 3+YEARS","743"
"1082","'8906054463650","IT-MONEY BANK ASSORTED-CE146","744"
"1084","'8906054467313","IT-FRUIT SET OF 18-CE046","745"
"1087","'8906054469089","IT-4 IN 1 MAGNETIC SLATE PVC -CE062","746"
"1088","'8906073770463","DOMS-PENCIL Y1+-7046","747"
"1090","'8906073771255","DOMS-G-BOX - X1-7125","748"
"1094","'8906073771439","DOMS-C3 KIT-12- PREP SCHOOL-7143","749"
"1100","'8906073772542","DOMS-KIT@199-PAINTING-7254","750"
"1102","'8906073772733","DOMS-WHITENER PEN 7ML-7273","751"
"1104","'8906073774133","DOMS-RPM-RED-7413","752"
"1105","'8906073774140","DOMS-RPM-BLACK-7414","753"
"1106","'8906073774157","DOMS-RPM-BLUE-7415","754"
"1107","'8906073774164","DOMS-RPM-GREEN-7416","755"
"1112","'8906073774331","DOMS-RWBM-RED-7433","756"
"1113","'8906073774348","DOMS-RWBM-BLUE-7434","757"
"1114","'8906073774355","DOMS-RWBM-BLACK-7435","758"
"1115","'8906073774362","DOMS-RWBM-GREEN-7436","759"
"1116","'8906073774935","DOMS-G-BOX GEOMITI-7493","760"
"1118","'8906073775024","DOMS-PENCIL FUSION-7502","761"
"1119","'8906073775086","DOMS-G-BOX GEOMITI-7508 RED","762"
"1120","'8906073775093","DOMS-G-BOX GEOMITI-7509 YELLOW","763"
"1121","'8906073775109","DOMS-G-BOX GEOMITI-7510 BLUE","764"
"1122","'8906073775147","DOMS-KIT@149-STROKES-7514","765"
"1124","'8906073776298","DOMS-RWB INK 15ML-BLACK-7629","766"
"1125","'8906073776304","DOMS-RWB INK 15ML-BLUE-7630","767"
"1126","'8906073776601","DOMS-CD MARKER-BLUE-7660","768"
"1127","'8906073776618","DOMS-CD MARKER-RED-7661","769"
"1128","'8906073776625","DOMS-CD MARKER-BLACK-7662","770"
"1129","'8906073776632","DOMS-CD MARKER-GREEN-7663","771"
"1130","'8906073777271","DOMS-WHITENER PEN 3ML-7727","772"
"1132","'8906073779022","DOMS-KIT@49-WOW-7902","773"
"1133","'8906073779428","DOMS C3 CHILL 10HB ERASER TIPPED GRAPHITE PENCILS 7942","774"
"1136","'8906073781377","DOMS-BRUSH PENS-14S-8137 (8190)","775"
"1137","'8906073781575","DOMS-G-BOX - ACCUMATE-8157","776"
"1139","'8906073782015","DOMS-OIL PASTEL-25S-(HEXA)-8201","777"
"1140","'8906073782022","DOMS-OIL PASTEL-50S-(HEXA)-8202","778"
"1141","'8906073782046","DOMS-DRAWING PENCILS SET OF 6-8204","779"
"1142","'8906073783319","DOMS-COMPASS 360D-8331","780"
"1143","'8906073783630","DOMS-PENCIL WISDOM RT-8363","781"
"1144","'8906073783654","DOMS KARBON ERASER TIPPED SUPER DARK 10 HB/2 GRAPHITE PENCILS 8365","782"
"1145","'8906073783722","DOMS-G-BOX - GEOFLIP-8372","783"
"1147","'8906073784149","DOMS-OIL PASTEL-12S-(HEXA)-8414","784"
"1150","'8906073784255","DOMS-G-BOX - GEOMMY-8425","785"
"1151","'8906073784378","DOMS-BRUSH PENS-2S-METALIC-8437","786"
"1152","'8906073784415","DOMS-BRUSH PENS-26S-8441","787"
"1156","'8906073784637","DOMS-PENCIL GROOVE INNOVATIVE(8463)(P-5)","788"
"1157","'8906073784859","DOMS-PENCIL KARBON(8485)(P-5)","789"
"1158","'8906073786068","DOMS-PROJECT PAPER 50S SR-8606","429"
"1160","'8906073787195","DOMS-OIL PASTEL-16S-8719","790"
"1162","'8906073787379","DOMS-BRUSH PENS PASTEL 14S-8737","791"
"1163","'8906073787386","DOMS-G-BOX - ENGINO-8738","792"
"1164","'8906073787430","DOMS-PENCIL SUPERIO -8743","793"
"1166","'8906073787577","DOMS-G-BOX - GEOMATIC-8757","794"
"1167","'8906073787683","DOMS-PEN NEON LINE PACK OF 20","795"
"1174","'8906073787959","DOMS-PVC PROTECTOR-8795","796"
"1176","'8906073788116","DOMS-PEN INXIFY SOFTY BLUE-80299(5PCS)","797"
"1177","'8906073788352","DOMS HEXEL BALL PENS","798"
"1179","'8906090292634","AWALS X-PINS DOWN BOWLING SET","799"
"1180","'8906090292795","AWALS PITTHU GAME","800"
"1181","'8906090292832","AWALS PITTHU GAME ONE BALL","801"
"1200","'8906123062821","ITOYS APPLE COIN BANK AGE 12MONTHS+","802"
"1220","'8906133250485","AT-51 - FRICTION TRACTOR CARD PACK","803"
"1221","'8906133250614","AT-64 - POP-IT GLOW IN THE DARK","804"
"1230","'8906147903933","PENTEL-MECH PENCIL Q-ERASE 0.7MM QE427-A","805"
"1231","'8906147904138","PENTEL IZEE 4 IN 1 COLOUR PEN","806"
"1232","'8906156180103","LB-JUMBO FLASH CARDS WRITE & WIPE ALPHABET LB11","433"
"1233","'8906156180127","LB-JUMBO FLASH CARDS WRITE & WIPE ANIMALS LB13","434"
"1234","'8906156180134","LB-JUMBO FLASH CARDS WRITE & WIPE ACTIVITY LB15","435"
"1243","'8907234001341","CELLO FINEGRIP BALL PEN","807"
"1244","'8907234004304","CELLO TECHNO TIP 0.6 BALL PEN - BLUE","808"
"1245","'8907234016161","CELLO BUTTERFLOW SIMPLY BALL BLACK","809"
"1246","'8908000034082","DOMS-Q-SCALE 30CM.-3459-3408","810"
"1250","'8908000034334","DOMS-Q-SCALE 15CM.-3434-3433","811"
"1252","'8908000034402","DOMS ZOOM ULTIMATE DARK 10HB/2 TRIANGLE GRAPHITE PENCILS","812"
"1253","'8908000034433","DOMS-COL PENCILS HSC-12C-3443","813"
"1262","'8908004279007","DOMS-C3 COL-PENCILS HSC-12-7900","814"
"1263","'8908004279083","DOMS-OIL PASTEL-12S-7908","815"
"1264","'8908004279113","DOMS-OIL PASTEL-25S-PVC BOX-7911","816"
"1265","'8908004279304","DOMS-PENCIL X1-7930","817"
"1267","'8908004279403","DOMS-PENCIL NEON RT-7940","818"
"1309","'9556089794503","FC-CREATIVE TACK-IT 50G-187094","819"
"1310","'8901198414872-1","PARKER BETA NEO COATED CLIP ROLLER BALL PEN 16986 @140","820"
"1311","'8901198414872-2","PARKER BETA NEO COATED CLIP ROLLER BALL PEN 16986 @170","821"
"1312","'b0510","PLAYME MAGNETIC SUDOKU & MATCH 21 PUZZLES 36 MAGNETIC NUMBERS","822"
"1313","'b0511","PLAYME MAGNETIC TANGRAM","436"
"1315","'b0565","KDP SUPER COP","823"
"1316","'B0567","KDP POLICE FORCE","824"
"1320","'C00072","MANDALA COASTERS DIY KIT","826"
"1321","'C00074","LANGUIREN EMBROIDERY THREAD 50 SKEINS 8MTS EACH","827"
"1322","'C00075","SCRAPBOOK KIT","828"
"1323","'C00076","30CM ACRYLIC SCALE","829"
"1324","'C00078","SCRAP KIT 8INCH * 8INCH","830"
"1325","'C00079","SOGGO SPRAY PAINT SUZUKI RED(131)","831"
"1326","'C00080","ABRO SPRAY PAINT GLASS WHITE(40)","832"
"1327","'C00081","SOGGO SPRAY PAINT ART YELLOW(41)","833"
"1328","'C00082","SOGGO SPRAY PAINT ERQI VIOLET (549)","834"
"1329","'C00083","SOGGO SPRAY PAINT DARK BROWN (350)","835"
"1330","'C00084","SOGGO SPRAY PAINT SHIFENG BLUE (219)","836"
"1331","'C00085","SOGGO SPRAY PAINT ORANGE (C671)","837"
"1332","'C00086","SAINT GOBAIN SPRAY PAINT FLUORESCENT GREEN (JL414)","838"
"1333","'C00087","COSMOS SPRAY PAINT GOLD(2595)","839"
"1334","'C00094","STANDARD COTTON MULTI COLOUR THREAD ROYAL GUN KNITTING YARN 10GMS","840"
"1335","'C00095","STANDARD COTTON YELLOW COLOUR THREAD ROYAL GUN KNITTING YARN 10GMS","841"
"1336","'C00096","STANDARD COTTON VIOLET COLOUR THREAD ROYAL GUN KNITTING YARN 10GMS","842"
"1337","'C00097","STANDARD COTTON BLUE COLOUR THREAD ROYAL GUN KNITTING YARN 10GMS","843"
"1338","'C00098","STANDARD COTTON BLACK COLOUR THREAD ROYAL GUN KNITTING YARN 10GMS","844"
"1339","'C00099","STANDARD COTTON PURPLE COLOUR THREAD ROYAL GUN KNITTING YARN 10GMS","845"
"1340","'C00100","PICNIC KNITTING YARN COTTON (COTTON THREAD) COLD PURPLE","846"
"1341","'C00101","PICNIC KNITTING YARN COTTON (COTTON THREAD) BRIGHT SUN","847"
"1342","'C00102","PICNIC KNITTING YARN COTTON (COTTON THREAD) BLACK","848"
"1343","'C00103","PICNIC KNITTING YARN COTTON (COTTON THREAD) CREAM","849"
"1344","'C00104","PICNIC KNITTING YARN COTTON (COTTON THREAD) BLUE MIST","850"
"1345","'C00105","PICNIC KNITTING YARN COTTON (COTTON THREAD) TIFFANY BLUE","851"
"1346","'C00106","PICNIC KNITTING YARN COTTON (COTTON THREAD) STERLING RED","852"
"1347","'C00107","PICNIC KNITTING YARN COTTON (COTTON THREAD) ARMY GREEN","853"
"1348","'C00109","WOOL LIGHT PINK COLOUR","854"
"1349","'C00110","WOOL PALE GREEN COLOUR","855"
"1350","'C00111","WOOL ORANGE COLOUR","856"
"1351","'C00112","WOOL PURPLE COLOUR","857"
"1352","'C00113","WOOL BLACK COLOUR","858"
"1353","'C00114","WOOL MAROON COLOUR","859"
"1354","'C00120","CHENILLE STEM (PIPE CLEANER) METALLIC RED","860"
"1355","'C00121","CHENILLE STEM (PIPE CLEANER) METALLIC SILVER","861"
"1356","'C00122","CHENILLE STEM (PIPE CLEANER) METALLIC ORANGE","862"
"1357","'C00123","CHENILLE STEM (PIPE CLEANER) METALLIC GREEN","863"
"1358","'C00124","CHENILLE STEM (PIPE CLEANER) METALLIC PINK","864"
"1359","'C00125","CHENILLE STEM (PIPE CLEANER) METALLIC GOLD","865"
"1360","'C00126","CHENILLE STEM (PIPE CLEANER) METALLIC BLACK","866"
"1361","'C00127","CHENILLE STEM (PIPE CLEANER) METALLIC WHITE","867"
"1362","'C00128","CHENILLE STEM (PIPE CLEANER) METALLIC BLUE","868"
"1363","'C00129","CHENILLE STEM (PIPE CLEANER) METALLIC PURPLE","869"
"1364","'C00131","CHENILLE STEM (PIPE CLEANER) PASTLE VIOLET","870"
"1365","'C00132","CHENILLE STEM (PIPE CLEANER) PASTLE GREEN","871"
"1366","'C00133","CHENILLE STEM (PIPE CLEANER) PASTLE PINK","872"
"1367","'C00134","CHENILLE STEM (PIPE CLEANER) PASTLE PEACH","873"
"1368","'C00147","KHYATI STAINLESS STEEL SCALE 30CMS","874"
"1369","'C00150","BLANKIE KNITTING YARN POLYSTER 100GMS BLK011","875"
"1370","'C00151","BLANKIE KNITTING YARN POLYSTER 100GMS BLK007","876"
"1371","'C00152","BLANKIE KNITTING YARN POLYSTER 100GMS BLM026","877"
"1372","'C00153","BLANKIE KNITTING YARN POLYSTER 100GMS BLM007","878"
"1373","'C00154","BLANKIE KNITTING YARN POLYSTER 100GMS BLM018","879"
"1374","'C00155","BLANKIE KNITTING YARN POLYSTER 100GMS BLK028","880"
"1375","'C00156","BLANKIE KNITTING YARN POLYSTER 100GMS BLK031","881"
"1376","'C00157","BLANKIE KNITTING YARN POLYSTER 100GMS BLK017","882"
"1377","'C00158","BLANKIE KNITTING YARN POLYSTER 100GMS BLK024","883"
"1378","'C00159","BLANKIE KNITTING YARN POLYSTER 100GMS BLK026","884"
"1379","'C00160","BLANKIE KNITTING YARN POLYSTER 100GMS BLK004","885"
"1380","'C00161","BLANKIE KNITTING YARN POLYSTER 100GMS BLK033","886"
"1381","'C00162","BLANKIE KNITTING YARN POLYSTER 100GMS BLK002","887"
"1382","'C00163","BLANKIE KNITTING YARN POLYSTER 100GMS BLK008","888"
"1383","'C00164","BLANKIE KNITTING YARN POLYSTER 100GMS BLK025","889"
"1390","'C00260","TRANSPARENT POUCH B","890"
"1391","'C00269","PENCIL POUCH","891"
"1396","'C00366","KDP ERASABLE GEL PEN","892"
"1413","'C00468","KDP RUBBER BAND 10GM","893"
"1443","'C00549","SOFT KICK BALL NO. 1","894"
"1467","'C00610","CT-8800GC CALCULATOR","895"